User_ID,Movie_ID,Movie_Title,Genre,Release_Year,Rating,Number_of_Ratings,Runtime_Minutes,Language,Age_Group
173,1015,The Lost Kingdom,Sci-Fi,2022,4.7,75503,128,English,35-44
104,1033,Secret Agent,Comedy,2020,4.9,70534,148,French,18-24
161,1037,Wild Frontier,Action,2024,4.9,99274,177,Hindi,45+
69,1019,Digital Age,Drama,2024,5.0,59889,121,Hindi,13-17
250,1053,Secret Agent,Romance,2015,4.5,63745,140,English,18-24
101,1059,Midnight Chase,Drama,2014,4.2,62765,179,French,18-24
12,1067,Code Breaker,Romance,2011,4.4,66494,168,Hindi,45+
268,1011,City Lights,Horror,2023,5.0,75891,164,Spanish,35-44
236,1068,Parallel Lives,Thriller,2021,4.9,93320,82,Korean,35-44
193,1086,Hidden Truth,Drama,2024,4.0,92359,90,Spanish,45+
61,1053,Secret Agent,Thriller,2014,4.4,78318,162,Japanese,18-24
226,1002,Shadow Hunter,Crime,2025,4.6,78024,145,Hindi,18-24
38,1017,Love in Winter,Sci-Fi,2018,4.3,46837,175,Spanish,25-34
23,1022,Code Breaker,Animation,2014,4.9,16804,141,French,35-44
188,1096,Wild Frontier,Thriller,2022,4.9,20287,84,French,25-34
120,1090,Campus Days,Adventure,2014,4.5,95045,146,Korean,18-24
251,1001,The Lost Kingdom,Horror,2024,4.1,2623,84,Spanish,35-44
181,1024,Hidden Truth,Crime,2011,4.8,13877,97,English,13-17
161,1007,The Silent House,Adventure,2010,5.0,50474,95,Japanese,13-17
117,1009,Ocean Quest,Drama,2011,3.9,65657,118,French,35-44
10,1013,Parallel Lives,Sci-Fi,2017,4.9,14792,136,Japanese,45+
80,1092,Digital Age,Animation,2023,4.7,8003,88,French,13-17
293,1080,Broken Roads,Romance,2025,4.9,3290,174,English,18-24
294,1028,Love in Winter,Animation,2016,4.9,18907,92,French,45+
89,1005,Ocean Quest,Thriller,2016,4.8,58553,133,French,25-34
292,1034,The Silent House,Sci-Fi,2010,4.5,61697,165,Japanese,35-44
9,1079,Broken Roads,Romance,2017,4.5,10735,129,Hindi,18-24
121,1081,Love in Winter,Action,2019,4.9,95146,153,English,18-24
60,1053,Hidden Truth,Comedy,2016,5.0,98637,149,French,45+
160,1096,Code Breaker,Animation,2015,5.0,99962,150,Hindi,13-17
167,1034,Secret Agent,Thriller,2019,3.7,40624,128,English,13-17
73,1073,Secret Agent,Horror,2014,4.4,5162,144,French,13-17
136,1028,Campus Days,Action,2013,4.9,79386,112,Korean,25-34
128,1070,Dream Makers,Drama,2020,4.2,87007,123,Hindi,45+
109,1097,Future World,Crime,2018,4.9,3358,116,French,13-17
